"SENSE"	"A1"	"A2"	"A3"	"A4"	"A5"	"A6"	"A7"	"A8"	"A9"	"A10"	"A11"	"A12"	"A13"	"A14"	"A15"	"A16"	"A17"	"A18"	"A19"	"A20"	"A21"	"A22"	"A23"	"A24"	"A25"	"A26"	"A27"	"A28"	"A29"	"A30"	"A31"	"A32"	"A33"	"A34"	"A35"	"A36"	"A37"	"A38"	"A39"	"A40"	"A41"	"A42"	"A43"	"A44"	"A45"	"A46"	"A47"	"A48"	"A49"	"A50"	"A51"	"A52"	"A53"	"A54"	"A55"	"A56"	"A57"	"A58"	"A59"	"A60"	"A61"	"A62"	"A63"
"1:15:01::"	"the"	"will"	"when"	"be"	"when_the"	"the_will"	"will_be"	"year_when_the"	"when_the_will"	"the_will_be"	"will_be_most"	"NN"	"WRB"	"DT"	"NN"	"VB"	"VB"	"RB"	"0"	"0"	"0"	"0"	"0"	"0"	"0"	"0"	"0"	"0"	"0"	"0"	"0"	"0"	"0"	"0"	"0"	"inspect"	"the"	"site"	"in"	"the"	"field"	"the"	"time"	"of"	"the"	"year"	"when"	"the"	"area"	"will"	"be"	"most"	"heavily"	"use"	"for"	"recreation"	"0"	"0"	"0"	"0"	"0"	"0"	"0"	
"1:15:01::"	"the"	"is"	"which"	"bless"	"which_the"	"the_is"	"is_bless"	"with_which_the"	"which_the_is"	"the_is_bless"	"is_bless_."	"IN"	"WDT"	"DT"	"NN"	"VBZ"	"VB"	"ε"	"feature"	"which"	"can"	"be"	"of"	"high"	"interest"	"be"	"the"	"forest"	"canyon"	"mountain"	"desert"	"seacoast"	"beach"	"sand_dune"	"waterfall"	"spring"	"etcetera"	"with"	"which"	"the"	"area"	"bless"	"0"	"0"	"0"	"0"	"0"	"0"	"0"	"0"	"0"	"0"	"0"	"0"	"0"	"0"	"0"	"0"	"0"	"0"	"0"	"0"	"0"	
"1:15:01::"	"each"	"have"	"∅"	"its"	"∅_each"	"each_have"	"have_its"	"∅_∅_each"	"∅_each_have"	"each_have_its"	"have_its_own"	"ε"	"ε"	"JJ"	"NN"	"VB"	"PRP$"	"JJ"	"0"	"0"	"0"	"0"	"0"	"0"	"0"	"0"	"0"	"0"	"0"	"0"	"0"	"0"	"0"	"0"	"0"	"0"	"0"	"0"	"0"	"0"	"0"	"area"	"have"	"its"	"own"	"historical"	"interest"	"with"	"which"	"much"	"can"	"be"	"do"	"0"	"0"	"0"	"0"	"0"	"0"	"0"	"0"	"0"	"0"	
"1:15:01::"	"the"	"alone"	"of"	"can"	"of_the"	"the_alone"	"alone_can"	"size_of_the"	"of_the_alone"	"the_alone_can"	"alone_can_be"	"NN"	"IN"	"DT"	"NN"	"JJ"	"VB"	"VB"	"0"	"0"	"0"	"0"	"0"	"0"	"0"	"0"	"0"	"0"	"0"	"0"	"0"	"0"	"0"	"0"	"0"	"0"	"0"	"0"	"0"	"0"	"the"	"of"	"the"	"area"	"alone"	"can"	"be"	"a"	"determining_factor"	"0"	"0"	"0"	"0"	"0"	"0"	"0"	"0"	"0"	"0"	"0"	"0"	"0"	"0"	
"1:15:01::"	"the"	"is"	"of"	"also"	"of_the"	"the_is"	"is_also"	"shape_of_the"	"of_the_is"	"the_is_also"	"is_also_related_to"	"NN"	"IN"	"DT"	"NN"	"VBZ"	"RB"	"JJ"	"0"	"0"	"0"	"0"	"0"	"0"	"0"	"0"	"0"	"0"	"0"	"0"	"0"	"0"	"0"	"0"	"0"	"0"	"0"	"0"	"0"	"0"	"shape"	"the"	"area"	"is"	"also"	"related_to"	"the"	"use"	"attraction"	"and"	"need"	"of"	"the"	"development"	"0"	"0"	"0"	"0"	"0"	"0"	"0"	"0"	"0"	
"1:15:01::"	"an"	"may"	"∅"	"have"	"∅_an"	"an_may"	"may_have"	"∅_∅_an"	"∅_an_may"	"an_may_have"	"may_have_been"	"ε"	"ε"	"DT"	"NN"	"VB"	"VB"	"VBN"	"0"	"0"	"0"	"0"	"0"	"0"	"0"	"0"	"0"	"0"	"0"	"0"	"0"	"0"	"0"	"0"	"0"	"0"	"0"	"0"	"0"	"0"	"0"	"area"	"may"	"have"	"been"	"partially"	"log"	"and"	"require"	"removal"	"of"	"stump"	"or"	"clean_up"	"0"	"0"	"0"	"0"	"0"	"0"	"0"	"0"	"0"	
"1:15:01::"	"some"	"may"	"-"	"already"	"-_some"	"some_may"	"may_already"	"∅_-_some"	"-_some_may"	"some_may_already"	"may_already_have"	"ε"	"ε"	"DT"	"NN"	"VB"	"RB"	"VB"	"0"	"0"	"0"	"0"	"0"	"0"	"0"	"0"	"0"	"0"	"0"	"0"	"0"	"0"	"0"	"0"	"0"	"0"	"0"	"0"	"0"	"0"	"0"	"area"	"may"	"already"	"have"	"been"	"improve"	"and"	"contain"	"building"	"road"	"utility"	"clear"	"land"	"etcetera"	"which"	"may"	"raise"	"the"	"cost"	"of"	"the"	"site"	
