"SENSE"	"A1"	"A2"	"A3"	"A4"	"A5"	"A6"	"A7"	"A8"	"A9"	"A10"	"A11"	"A12"	"A13"	"A14"	"A15"	"A16"	"A17"	"A18"	"A19"	"A20"	"A21"	"A22"	"A23"	"A24"	"A25"	"A26"	"A27"	"A28"	"A29"	"A30"	"A31"	"A32"	"A33"	"A34"	"A35"	"A36"	"A37"	"A38"	"A39"	"A40"	"A41"	"A42"	"A43"	"A44"	"A45"	"A46"	"A47"	"A48"	"A49"	"A50"	"A51"	"A52"	"A53"	"A54"	"A55"	"A56"	"A57"
"2:42:03::"	"it"	"best"	","	"to"	",_it"	"it_best"	"best_to"	"work_,_it"	",_it_best"	"it_best_to"	"best_to_have"	"NN"	"ε"	"PRP"	"VB"	"JJ"	"TO"	"VB"	"0"	"0"	"0"	"0"	"0"	"0"	"0"	"0"	"0"	"0"	"0"	"0"	"0"	"for"	"site"	"work"	"it"	"be"	"best"	"to"	"have"	"a"	"qualified"	"and"	"experienced"	"park"	"planner"	"to"	"carry_through"	"the"	"study"	"0"	"0"	"0"	"0"	"0"	"0"	"0"	"0"	
"2:42:06::"	"what"	"the"	"∅"	"existing"	"∅_what"	"what_the"	"the_existing"	"∅_∅_what"	"∅_what_the"	"what_the_existing"	"the_existing_recreation"	"ε"	"ε"	"WP"	"VB"	"DT"	"JJ"	"NN"	"0"	"0"	"0"	"0"	"0"	"0"	"0"	"0"	"0"	"0"	"0"	"0"	"0"	"0"	"0"	"be"	"the"	"existing"	"recreation"	"feature"	"0"	"0"	"0"	"0"	"0"	"0"	"0"	"0"	"0"	"0"	"0"	"0"	"0"	"0"	"0"	"0"	"0"	"0"	"0"	
"2:42:03::"	"∅"	"this"	"∅"	"site"	"∅_∅"	"∅_this"	"this_site"	"∅_∅_∅"	"∅_∅_this"	"∅_this_site"	"this_site_available"	"ε"	"ε"	"ε"	"VB"	"DT"	"NN"	"JJ"	"0"	"0"	"0"	"0"	"0"	"0"	"0"	"0"	"0"	"0"	"0"	"0"	"0"	"0"	"0"	"this"	"site"	"available"	"0"	"0"	"0"	"0"	"0"	"0"	"0"	"0"	"0"	"0"	"0"	"0"	"0"	"0"	"0"	"0"	"0"	"0"	"0"	"0"	"0"	
"2:42:06::"	"park"	"beautiful"	"a"	"view"	"a_park"	"park_beautiful"	"beautiful_view"	"for_a_park"	"a_park_beautiful"	"park_beautiful_view"	"beautiful_view_or"	"IN"	"DT"	"NN"	"VB"	"JJ"	"NN"	"CC"	"0"	"0"	"0"	"0"	"0"	"0"	"0"	"0"	"0"	"0"	"0"	"one"	"of"	"the"	"most"	"feature"	"for"	"a"	"park"	"be"	"beautiful"	"view"	"or"	"scenery"	"0"	"0"	"0"	"0"	"0"	"0"	"0"	"0"	"0"	"0"	"0"	"0"	"0"	"0"	"0"	
"2:42:06::"	"interest"	"one"	"water"	"of"	"water_interest"	"interest_one"	"one_of"	"∅_water_interest"	"water_interest_one"	"interest_one_of"	"one_of_the"	"ε"	"NN"	"NN"	"VB"	"JJ"	"IN"	"RB"	"0"	"0"	"0"	"0"	"0"	"0"	"0"	"0"	"0"	"0"	"0"	"0"	"0"	"0"	"0"	"interest"	"be"	"one"	"of"	"the"	"most"	"valuable"	"factor"	"you"	"can"	"find"	"for"	"a"	"recreation"	"site"	"0"	"0"	"0"	"0"	"0"	"0"	"0"	"0"	"0"	
"2:42:03::"	"it"	"important"	"by"	"."	"by_it"	"it_important"	"important_."	"afford_by_it"	"by_it_important"	"it_important_."	"important_._∅"	"VB"	"IN"	"PRP"	"VB"	"JJ"	"ε"	"ε"	"of"	"water"	"frontage"	"the"	"quantity"	"and"	"quality"	"of"	"the"	"water"	"and"	"the"	"recreation"	"afford"	"it"	"important"	"0"	"0"	"0"	"0"	"0"	"0"	"0"	"0"	"0"	"0"	"0"	"0"	"0"	"0"	"0"	"0"	"0"	"0"	"0"	"0"	"0"	"0"	"0"	
"2:42:03::"	"can"	"of"	"which"	"high"	"which_can"	"can_of"	"of_high"	"feature_which_can"	"which_can_of"	"can_of_high"	"of_high_interest"	"NN"	"WDT"	"VB"	"VB"	"IN"	"JJ"	"NN"	"0"	"0"	"0"	"0"	"0"	"0"	"0"	"0"	"0"	"0"	"0"	"0"	"0"	"other"	"natural"	"which"	"can"	"be"	"of"	"high"	"interest"	"be"	"the"	"forest"	"canyon"	"mountain"	"desert"	"seacoast"	"beach"	"sand_dune"	"waterfall"	"spring"	"etcetera"	"with"	"which"	"the"	"area"	"is"	"bless"	
"2:42:06::"	"interest"	"the"	"high"	"forest"	"high_interest"	"interest_the"	"the_forest"	"of_high_interest"	"high_interest_the"	"interest_the_forest"	"the_forest_,"	"IN"	"JJ"	"NN"	"VB"	"DT"	"NN"	"ε"	"0"	"0"	"0"	"0"	"0"	"0"	"0"	"0"	"0"	"0"	"0"	"other"	"natural"	"feature"	"which"	"be"	"of"	"high"	"interest"	"be"	"the"	"forest"	"canyon"	"mountain"	"desert"	"seacoast"	"beach"	"sand_dune"	"waterfall"	"spring"	"etcetera"	"with"	"which"	"the"	"area"	"is"	"bless"	"0"	"0"	
"2:42:02::"	"site"	"another"	"the"	"interest"	"the_site"	"site_another"	"another_interest"	"at_the_site"	"the_site_another"	"site_another_interest"	"another_interest_."	"IN"	"DT"	"NN"	"VB"	"JJ"	"NN"	"ε"	"0"	"0"	"0"	"0"	"0"	"0"	"0"	"0"	"the"	"fish"	"animal"	"and"	"bird"	"which"	"may"	"find"	"at"	"the"	"site"	"be"	"another"	"interest"	"0"	"0"	"0"	"0"	"0"	"0"	"0"	"0"	"0"	"0"	"0"	"0"	"0"	"0"	"0"	"0"	"0"	
"2:42:02::"	"can"	"a"	"alone"	"determining_factor"	"alone_can"	"can_a"	"a_determining_factor"	"area_alone_can"	"alone_can_a"	"can_a_determining_factor"	"a_determining_factor_."	"NN"	"JJ"	"VB"	"VB"	"DT"	"NN"	"ε"	"0"	"0"	"0"	"0"	"0"	"0"	"0"	"0"	"0"	"0"	"0"	"0"	"the"	"size"	"of"	"area"	"alone"	"can"	"be"	"a"	"determining_factor"	"0"	"0"	"0"	"0"	"0"	"0"	"0"	"0"	"0"	"0"	"0"	"0"	"0"	"0"	"0"	"0"	"0"	"0"	
"2:42:03::"	"topography"	"very"	"-"	"important"	"-_topography"	"topography_very"	"very_important"	"∅_-_topography"	"-_topography_very"	"topography_very_important"	"very_important_."	"ε"	"ε"	"NN"	"VB"	"RB"	"JJ"	"ε"	"0"	"0"	"0"	"0"	"0"	"0"	"0"	"0"	"0"	"0"	"0"	"0"	"0"	"0"	"0"	"be"	"very"	"important"	"0"	"0"	"0"	"0"	"0"	"0"	"0"	"0"	"0"	"0"	"0"	"0"	"0"	"0"	"0"	"0"	"0"	"0"	"0"	"0"	"0"	
