"SENSE"	"A1"	"A2"	"A3"	"A4"	"A5"	"A6"	"A7"	"A8"	"A9"	"A10"	"A11"	"A12"	"A13"	"A14"	"A15"	"A16"	"A17"	"A18"	"A19"	"A20"	"A21"	"A22"	"A23"	"A24"	"A25"	"A26"	"A27"	"A28"	"A29"	"A30"	"A31"	"A32"	"A33"	"A34"	"A35"	"A36"	"A37"	"A38"	"A39"	"A40"	"A41"	"A42"	"A43"	"A44"	"A45"	"A46"	"A47"	"A48"	"A49"	"A50"	"A51"	"A52"
"1:07:02::"	"recreation"	"already"	"the"	"existing"	"the_recreation"	"recreation_already"	"already_existing"	"all_of_the_recreation"	"the_recreation_already"	"recreation_already_existing"	"already_existing_at"	"JJ"	"DT"	"NN"	"NN"	"RB"	"JJ"	"IN"	"0"	"0"	"0"	"0"	"0"	"0"	"0"	"check"	"the"	"quantity"	"and"	"of"	"all_of"	"the"	"recreation"	"interest"	"already"	"existing"	"at"	"the"	"site"	"0"	"0"	"0"	"0"	"0"	"0"	"0"	"0"	"0"	"0"	"0"	"0"	"0"	
"1:07:02::"	"water"	"be"	"∅"	"one"	"∅_water"	"water_be"	"be_one"	"∅_∅_water"	"∅_water_be"	"water_be_one"	"be_one_of"	"ε"	"ε"	"NN"	"NN"	"VB"	"JJ"	"IN"	"0"	"0"	"0"	"0"	"0"	"0"	"0"	"0"	"0"	"0"	"0"	"interest"	"be"	"one"	"of"	"the"	"most"	"valuable"	"factor"	"you"	"can"	"find"	"for"	"a"	"recreation"	"site"	"0"	"0"	"0"	"0"	"0"	"0"	"0"	"0"	
"1:09:00::"	"high"	"be"	"of"	"the"	"of_high"	"high_be"	"be_the"	"be_of_high"	"of_high_be"	"high_be_the"	"be_the_forest"	"VB"	"IN"	"JJ"	"NN"	"VB"	"DT"	"NN"	"0"	"0"	"0"	"0"	"0"	"0"	"0"	"0"	"other"	"natural"	"feature"	"can"	"be"	"of"	"high"	"interest"	"be"	"the"	"forest"	"canyon"	"mountain"	"desert"	"seacoast"	"beach"	"sand_dune"	"waterfall"	"spring"	"etcetera"	"with"	"which"	"the"	"area"	"is"	"bless"	
"1:09:00::"	"another"	"."	"be"	"∅"	"be_another"	"another_."	"._∅"	"site_be_another"	"be_another_."	"another_._∅"	"._∅_∅"	"NN"	"VB"	"JJ"	"NN"	"ε"	"ε"	"ε"	"animal"	"and"	"bird"	"which"	"may"	"be"	"find"	"at"	"the"	"site"	"another"	"0"	"0"	"0"	"0"	"0"	"0"	"0"	"0"	"0"	"0"	"0"	"0"	"0"	"0"	"0"	"0"	"0"	"0"	"0"	"0"	"0"	"0"	"0"	
"1:07:02::"	"historical"	"with"	"own"	"which"	"own_historical"	"historical_with"	"with_which"	"its_own_historical"	"own_historical_with"	"historical_with_which"	"with_which_much"	"PRP$"	"JJ"	"JJ"	"NN"	"IN"	"WDT"	"JJ"	"0"	"0"	"0"	"0"	"0"	"0"	"0"	"0"	"0"	"each"	"area"	"its"	"own"	"historical"	"interest"	"with"	"which"	"much"	"can"	"be"	"do"	"0"	"0"	"0"	"0"	"0"	"0"	"0"	"0"	"0"	"0"	"0"	"0"	"0"	
"1:07:02::"	"recreation"	","	"its"	"water"	"its_recreation"	"recreation_,"	",_water"	"in_addition_to_its_recreation"	"its_recreation_,"	"recreation_,_water"	",_water_is"	"RB"	"PRP$"	"NN"	"NN"	"ε"	"NN"	"VBZ"	"0"	"0"	"0"	"0"	"0"	"0"	"0"	"0"	"0"	"0"	"in_addition_to"	"recreation"	"interest"	"water"	"is"	"need"	"for"	"drinking"	"sanitation"	"and"	"irrigation"	"0"	"0"	"0"	"0"	"0"	"0"	"0"	"0"	"0"	"0"	"0"	"0"	"0"	
