"SENSE"	"A1"	"A2"	"A3"	"A4"	"A5"	"A6"	"A7"	"A8"	"A9"	"A10"	"A11"	"A12"	"A13"	"A14"	"A15"	"A16"	"A17"	"A18"	"A19"	"A20"	"A21"	"A22"	"A23"	"A24"	"A25"	"A26"	"A27"	"A28"	"A29"	"A30"	"A31"	"A32"	"A33"	"A34"	"A35"	"A36"	"A37"	"A38"	"A39"	"A40"	"A41"	"A42"	"A43"	"A44"	"A45"
"3:00:02::"	"∅"	"recreation"	"∅"	"work"	"∅_∅"	"∅_recreation"	"recreation_work"	"∅_∅_∅"	"∅_∅_recreation"	"∅_recreation_work"	"recreation_work_call_for"	"ε"	"ε"	"ε"	"JJ"	"NN"	"NN"	"VB"	"0"	"0"	"0"	"0"	"0"	"0"	"0"	"0"	"0"	"0"	"0"	"0"	"0"	"0"	"recreation"	"work"	"call_for"	"a"	"good_deal"	"of"	"pre"	"planning"	"0"	"0"	"0"	"0"	"0"	
"4:02:01::"	"be"	"heavily"	"will"	"use"	"will_be"	"be_heavily"	"heavily_use"	"area_will_be"	"will_be_heavily"	"be_heavily_use"	"heavily_use_for"	"NN"	"VB"	"VB"	"RB"	"RB"	"VB"	"IN"	"site"	"in"	"the"	"field"	"during"	"the"	"time"	"of"	"the"	"year"	"when"	"the"	"area"	"will"	"heavily"	"use"	"for"	"recreation"	"0"	"0"	"0"	"0"	"0"	"0"	"0"	"0"	"0"	
"4:02:00::"	"the"	"desirable"	"of"	"feature"	"of_the"	"the_desirable"	"desirable_feature"	"one_of_the"	"of_the_desirable"	"the_desirable_feature"	"desirable_feature_for"	"CD"	"IN"	"RB"	"RB"	"JJ"	"NN"	"IN"	"0"	"0"	"0"	"0"	"0"	"0"	"0"	"0"	"0"	"0"	"0"	"0"	"0"	"one"	"the"	"most"	"desirable"	"feature"	"for"	"a"	"park"	"be"	"beautiful"	"view"	"or"	"scenery"	"0"	
"4:02:00::"	"the"	"valuable"	"of"	"factor"	"of_the"	"the_valuable"	"valuable_factor"	"one_of_the"	"of_the_valuable"	"the_valuable_factor"	"valuable_factor_you"	"JJ"	"IN"	"RB"	"RB"	"JJ"	"NN"	"PRP"	"0"	"0"	"0"	"0"	"0"	"0"	"0"	"0"	"0"	"0"	"0"	"0"	"water"	"interest"	"one"	"of"	"the"	"most"	"valuable"	"factor"	"you"	"can"	"find"	"for"	"a"	"recreation"	"site"	
