"SENSE"	"A1"	"A2"	"A3"	"A4"	"A5"	"A6"	"A7"	"A8"	"A9"	"A10"	"A11"	"A12"	"A13"	"A14"	"A15"	"A16"	"A17"	"A18"	"A19"	"A20"	"A21"	"A22"	"A23"	"A24"	"A25"	"A26"	"A27"	"A28"	"A29"	"A30"	"A31"	"A32"	"A33"	"A34"	"A35"	"A36"	"A37"	"A38"	"A39"	"A40"	"A41"	"A42"	"A43"	"A44"	"A45"	"A46"	"A47"	"A48"
"1:04:00::"	"most"	"work"	"∅"	"call_for"	"∅_most"	"most_work"	"work_call_for"	"∅_∅_most"	"∅_most_work"	"most_work_call_for"	"work_call_for_a"	"ε"	"ε"	"JJ"	"NN"	"NN"	"VB"	"DT"	"0"	"0"	"0"	"0"	"0"	"0"	"0"	"0"	"0"	"0"	"0"	"0"	"0"	"0"	"0"	"0"	"0"	"0"	"0"	"recreation"	"work"	"call_for"	"a"	"good_deal"	"of"	"pre"	"planning"	"0"	"0"	"0"	
"1:04:00::"	"for"	"."	"use"	"∅"	"use_for"	"for_."	"._∅"	"heavily_use_for"	"use_for_."	"for_._∅"	"._∅_∅"	"RB"	"VB"	"IN"	"NN"	"ε"	"ε"	"ε"	"site"	"in"	"the"	"field"	"during"	"the"	"time"	"of"	"the"	"year"	"when"	"the"	"area"	"will"	"be"	"most"	"heavily"	"use"	"for"	"0"	"0"	"0"	"0"	"0"	"0"	"0"	"0"	"0"	"0"	"0"	
"1:04:00::"	"existing"	"feature"	"the"	"?"	"the_existing"	"existing_feature"	"feature_?"	"be_the_existing"	"the_existing_feature"	"existing_feature_?"	"feature_?_∅"	"VB"	"DT"	"JJ"	"NN"	"NN"	"ε"	"ε"	"0"	"0"	"0"	"0"	"0"	"0"	"0"	"0"	"0"	"0"	"0"	"0"	"0"	"0"	"0"	"0"	"0"	"0"	"what"	"the"	"existing"	"recreation"	"feature"	"0"	"0"	"0"	"0"	"0"	"0"	"0"	
"1:04:00::"	"the"	"interest"	"all_of"	"already"	"all_of_the"	"the_interest"	"interest_already"	"of_all_of_the"	"all_of_the_interest"	"the_interest_already"	"interest_already_existing"	"IN"	"JJ"	"DT"	"NN"	"NN"	"RB"	"JJ"	"0"	"0"	"0"	"0"	"0"	"0"	"0"	"0"	"0"	"0"	"0"	"0"	"0"	"0"	"0"	"0"	"check"	"the"	"quantity"	"quality"	"of"	"all_of"	"the"	"recreation"	"interest"	"already"	"existing"	"at"	"the"	"site"	
"1:04:00::"	"a"	"site"	"for"	"."	"for_a"	"a_site"	"site_."	"find_for_a"	"for_a_site"	"a_site_."	"site_._∅"	"VB"	"VB"	"DT"	"NN"	"NN"	"ε"	"ε"	"0"	"0"	"0"	"0"	"0"	"0"	"0"	"0"	"0"	"0"	"0"	"0"	"water"	"interest"	"be"	"one"	"of"	"the"	"most"	"factor"	"you"	"can"	"find"	"for"	"a"	"recreation"	"site"	"0"	"0"	"0"	
"1:04:00::"	"the"	"afford"	"and"	"by"	"and_the"	"the_afford"	"afford_by"	",_and_the"	"and_the_afford"	"the_afford_by"	"afford_by_it"	"ε"	"CC"	"DT"	"NN"	"VB"	"IN"	"PRP"	"0"	"0"	"0"	"0"	"0"	"0"	"0"	"0"	"0"	"the"	"amount"	"of"	"water"	"frontage"	"the"	"quantity"	"and"	"quality"	"of"	"water"	"and"	"the"	"recreation"	"afford"	"by"	"it"	"be"	"important"	"0"	"0"	
"1:04:00::"	"its"	"interest"	"in_addition_to"	","	"in_addition_to_its"	"its_interest"	"interest_,"	"-_in_addition_to_its"	"in_addition_to_its_interest"	"its_interest_,"	"interest_,_water"	"ε"	"RB"	"PRP$"	"NN"	"NN"	"ε"	"NN"	"0"	"0"	"0"	"0"	"0"	"0"	"0"	"0"	"0"	"0"	"0"	"0"	"0"	"0"	"0"	"0"	"0"	"0"	"in_addition_to"	"recreation"	"interest"	"water"	"is"	"need"	"for"	"drinking"	"sanitation"	"and"	"irrigation"	"0"	
