"SENSE"	"A1"	"A2"	"A3"	"A4"	"A5"	"A6"	"A7"	"A8"	"A9"	"A10"	"A11"	"A12"	"A13"	"A14"	"A15"	"A16"	"A17"	"A18"	"A19"	"A20"	"A21"	"A22"	"A23"	"A24"	"A25"	"A26"	"A27"	"A28"	"A29"	"A30"	"A31"	"A32"	"A33"	"A34"	"A35"	"A36"	"A37"	"A38"	"A39"	"A40"	"A41"	"A42"	"A43"	"A44"	"A45"	"A46"
"2:34:01::"	"heavily"	"for"	"most"	"recreation"	"most_heavily"	"heavily_for"	"for_recreation"	"be_most_heavily"	"most_heavily_for"	"heavily_for_recreation"	"for_recreation_."	"VB"	"RB"	"RB"	"VB"	"IN"	"NN"	"ε"	"site"	"in"	"the"	"field"	"during"	"the"	"time"	"of"	"the"	"year"	"when"	"the"	"area"	"will"	"be"	"most"	"heavily"	"for"	"recreation"	"0"	"0"	"0"	"0"	"0"	"0"	"0"	"0"	"0"	
"1:04:00::"	"the"	"attraction"	"related_to"	"and"	"related_to_the"	"the_attraction"	"attraction_and"	"also_related_to_the"	"related_to_the_attraction"	"the_attraction_and"	"attraction_and_need"	"RB"	"JJ"	"DT"	"NN"	"NN"	"CC"	"NN"	"0"	"0"	"0"	"0"	"0"	"0"	"0"	"0"	"0"	"0"	"0"	"0"	"0"	"0"	"shape"	"of"	"the"	"is"	"also"	"related_to"	"the"	"use"	"attraction"	"and"	"need"	"of"	"the"	"development"	
"1:04:00::"	"and"	"of"	"ownership"	"the"	"ownership_and"	"and_of"	"of_the"	",_ownership_and"	"ownership_and_of"	"and_of_the"	"of_the_land"	"ε"	"NN"	"CC"	"NN"	"IN"	"DT"	"NN"	"0"	"the"	"value"	"of"	"the"	"site"	"may"	"be"	"affect"	"by"	"the"	"appearance"	"of"	"the"	"adjoining"	"land"	"ownership"	"use"	"of"	"the"	"land"	"and"	"the"	"utility"	"available"	"there"	"0"	"0"	
"1:04:00::"	"the"	"?"	"affect"	"∅"	"affect_the"	"the_?"	"?_∅"	"temperature_affect_the"	"affect_the_?"	"the_?_∅"	"?_∅_∅"	"NN"	"VB"	"DT"	"NN"	"ε"	"ε"	"ε"	"0"	"0"	"0"	"0"	"0"	"0"	"0"	"0"	"0"	"0"	"how"	"much"	"wind"	"rain"	"sun"	"and"	"temperature"	"the"	"use"	"0"	"0"	"0"	"0"	"0"	"0"	"0"	"0"	"0"	
