"SENSE"	"A1"	"A2"	"A3"	"A4"	"A5"	"A6"	"A7"	"A8"	"A9"	"A10"	"A11"	"A12"	"A13"	"A14"	"A15"	"A16"	"A17"	"A18"	"A19"	"A20"	"A21"	"A22"	"A23"	"A24"	"A25"	"A26"	"A27"	"A28"	"A29"	"A30"	"A31"	"A32"	"A33"	"A34"	"A35"	"A36"	"A37"	"A38"	"A39"	"A40"	"A41"	"A42"	"A43"	"A44"
"1:17:00::"	"∅"	"interest"	"∅"	"be"	"∅_∅"	"∅_interest"	"interest_be"	"∅_∅_∅"	"∅_∅_interest"	"∅_interest_be"	"interest_be_one"	"ε"	"ε"	"ε"	"NN"	"NN"	"VB"	"JJ"	"0"	"0"	"0"	"0"	"0"	"0"	"0"	"0"	"interest"	"be"	"one"	"of"	"the"	"most"	"valuable"	"factor"	"you"	"can"	"find"	"for"	"a"	"recreation"	"site"	"0"	"0"	"0"	
"1:17:00::"	"of"	"frontage"	"amount"	","	"amount_of"	"of_frontage"	"frontage_,"	"the_amount_of"	"amount_of_frontage"	"of_frontage_,"	"frontage_,_the"	"DT"	"NN"	"IN"	"NN"	"NN"	"ε"	"DT"	"0"	"0"	"0"	"0"	"0"	"0"	"0"	"the"	"of"	"water"	"frontage"	"the"	"quantity"	"and"	"quality"	"of"	"the"	"water"	"and"	"the"	"recreation"	"afford"	"by"	"it"	"be"	"important"	
"1:17:00::"	"the"	","	"of"	"and"	"of_the"	"the_,"	",_and"	"quality_of_the"	"of_the_,"	"the_,_and"	",_and_the"	"NN"	"IN"	"DT"	"NN"	"ε"	"CC"	"DT"	"of"	"water"	"frontage"	"the"	"quantity"	"and"	"quality"	"of"	"and"	"the"	"recreation"	"afford"	"by"	"it"	"be"	"important"	"0"	"0"	"0"	"0"	"0"	"0"	"0"	"0"	"0"	"0"	
"1:27:00::"	","	"is"	"interest"	"need"	"interest_,"	",_is"	"is_need"	"recreation_interest_,"	"interest_,_is"	",_is_need"	"is_need_for"	"NN"	"NN"	"ε"	"NN"	"VBZ"	"VB"	"IN"	"0"	"0"	"0"	"0"	"0"	"0"	"in_addition_to"	"its"	"interest"	"water"	"is"	"need"	"for"	"drinking"	"sanitation"	"and"	"irrigation"	"0"	"0"	"0"	"0"	"0"	"0"	"0"	"0"	"0"	
