spring	20	6
frontage	3	16
compare	12	4
mountain	12	14
sun	5	5
good_deal	4	4
use	18	12
utility	21	17
removal	8	5
quantity	4	15
beautiful	9	4
value	0	25
time	7	14
site	21	25
bird	3	11
be	16	25
experienced	10	7
shape	0	16
carry_through	14	3
area	24	23
develop	5	1
clean_up	12	1
each	0	14
have	6	13
most	15	14
requirement	8	9
meet	6	11
valuable	6	9
growth	2	4
quality	6	14
one	1	13
related_to	5	9
recreation	20	12
cost	18	4
drinking	7	4
ownership	14	11
adjoining	12	13
high	5	20
factor	7	8
water	9	19
check	5	16
fish	0	14
study	16	5
partially	4	9
view	10	3
heavily	17	4
best	4	17
wind	1	8
historical	4	8
topography	0	4
aerial	10	3
road	9	13
useful	0	7
much	8	11
development	13	1
all_of	5	9
improve	4	17
also	3	10
forest	10	16
photo	11	2
desert	14	12
another	12	2
feature	4	27
interest	12	24
sand_dune	18	8
look_for	0	17
park	12	11
planning	7	19
rain	3	7
map	8	5
examination	1	12
affect	7	23
information	11	6
beach	16	10
attraction	8	6
irrigation	11	0
very	0	2
waterfall	19	7
require	7	6
do	10	1
building	8	14
stump	10	3
land	18	19
alone	4	5
work	2	16
sanitation	9	2
contain	6	15
there	24	1
canyon	11	15
seacoast	15	11
begin	0	15
temperature	7	3
call_for	3	8
size	0	9
amount	0	19
find	10	8
field	4	17
afford	13	5
etcetera	22	14
thorough	4	2
appearance	9	16
good	7	6
bless	26	0
inspect	0	23
pre	6	2
raise	16	6
scenery	12	1
qualified	8	9
own	2	9
planner	13	5
desirable	3	10
public	6	1
other	0	28
clear	12	10
plant	1	5
year	10	11
available	22	16
well	0	6
natural	0	26
already	9	22
need	10	8
log	5	8
animal	1	13
important	17	3
existing	10	7
determining_factor	8	1
